{
    "rmse": 0.6775412493878403,
    "mae": 0.5319751290197526,
    "r2": 0.3031248575458432
}