{
    "rmse": 0.6962807714047117,
    "mae": 0.5588111153981012,
    "r2": 0.23192060658404756
}